Eduardo; Eduardo
Eduardo; Fabio
Eduardo; Roberto
Eduardo; Cassio
Eduardo; Fernando
Eduardo; Tadeu
Fabio; Eduardo
Fabio; Fabio
Fabio; Roberto
Fabio; Cassio
Fabio; Fernando
Fabio; Tadeu
Roberto; Eduardo
Roberto; Fabio
Roberto; Roberto
Roberto; Cassio
Roberto; Fernando
Roberto; Tadeu
Cassio; Eduardo
Cassio; Fabio
Cassio; Roberto
Cassio; Cassio
Cassio; Fernando
Cassio; Tadeu
Fernando; Eduardo
Fernando; Fabio
Fernando; Roberto
Fernando; Cassio
Fernando; Fernando
Fernando; Tadeu
Tadeu; Eduardo
Tadeu; Fabio
Tadeu; Roberto
Tadeu; Cassio
Tadeu; Fernando
Tadeu; Tadeu
